1183,a,17,6,5.0e-05,-0.00483933,-0.0178479
1943,a,8,10,5.0e-05,0.00887286,0.00667971
1756,a,37,9,5.0e-05,0.038746,0.0458132
1942,a,58,10,5.0e-05,-0.0808112,-0.0823513
1570,a,33,8,5.0e-05,-0.0241242,-0.029027
5,a,66,1,5.0e-05,0.0214102,0.0289626
1755,a,38,9,5.0e-05,0.0856721,0.0460876
1367,a,88,7,0.0002,-0.00497926,-0.000489522
1569,a,90,8,5.0e-05,0.0254042,0.0225333
1941,a,66,10,5.0e-05,-0.0816538,-0.0642712
10,a,41,1,5.0e-05,-0.00856788,-0.0235667
379,a,17,2,0.0002,-0.00746964,-0.011327
378,a,9,2,0.0001,-0.00343761,-0.00646233
1754,a,14,9,0.0001,-0.0482163,-0.0131882
1567,a,49,8,5.0e-05,0.0607338,0.0572551
15,a,16,1,0.0001,-0.00639077,0.0172985
983,a,31,5,0.0001,0.030448,0.0316755
576,a,29,3,0.0003,0.00994227,-0.0330997
982,a,44,5,5.0e-05,0.0514359,0.0219732
1753,a,10,9,0.0002,0.0156048,-0.0287005
1940,a,71,10,5.0e-05,-0.0177796,0.00578116
21,a,1,1,0.00025,-0.0183006,-0.023969
22,a,11,1,0.0004,0.0600484,0.00800141
1364,a,52,7,5.0e-05,0.0492323,0.0638993
1564,a,34,8,5.0e-05,0.0723316,0.0499707
1939,a,78,10,5.0e-05,0.00053864,-0.0318192
1178,a,14,6,0.00015,0.0470224,0.0877401
1752,a,18,9,5.0e-05,0.0566193,0.0319902
980,a,56,5,5.0e-05,0.0933425,0.0430459
1938,a,81,10,5.0e-05,-0.0283677,0.00306146
1937,a,15,10,5.0e-05,0.0744464,0.073899
1749,a,13,9,5.0e-05,-0.0175255,-0.00937259
568,a,11,3,5.0e-05,0.0611695,0.103049
1936,a,97,10,5.0e-05,0.0146471,0.0115897
566,a,15,3,0.00015,-0.071081,-0.0827593
35,a,41,1,0.00105,-0.0503118,-0.0849016
975,a,6,5,0.0001,-0.0551974,-0.0442917
565,a,66,3,5.0e-05,0.0432714,0.0591047
783,a,64,4,0.0002,-0.0373366,-0.0262066
782,a,43,4,0.0001,0.0488183,0.0202565
1935,a,41,10,5.0e-05,-0.0431912,-0.044647
780,a,27,4,0.00025,-0.0311023,-0.0363629
1748,a,62,9,5.0e-05,-0.0234994,-0.0269906
1934,a,30,10,5.0e-05,0.0921373,0.0753319
1933,a,96,10,5.0e-05,0.0260555,0.0370582
1747,a,8,9,5.0e-05,0.0818474,0.0704722
1932,a,23,10,5.0e-05,0.0598346,0.0606496
1174,a,44,6,0.0002,0.00976789,0.0294827
48,a,29,1,0.00085,-0.0850011,-0.114209
560,a,23,3,0.0011,-0.0681933,-0.0461835
1931,a,1,10,5.0e-05,-0.0675664,-0.0513842
1745,a,64,9,0.0001,0.0371767,0.0239676
971,a,38,5,0.0003,0.102856,0.0984816
1930,a,94,10,5.0e-05,-0.017428,-0.0476635
1744,a,3,9,0.0002,-0.133066,-0.131715
1743,a,79,9,5.0e-05,-0.0387903,-0.0397306
1557,a,63,8,0.0002,-0.135528,-0.0961174
1929,a,69,10,5.0e-05,0.0081976,0.024276
1742,a,76,9,5.0e-05,0.0840911,0.0481548
1928,a,85,10,5.0e-05,0.0491335,0.0224623
1360,a,70,7,0.0001,0.0292339,0.0334298
556,a,50,3,0.00015,0.0100065,-0.000645597
1170,a,77,6,0.00045,0.00383345,0.0308414
63,a,79,1,5.0e-05,-0.0629654,-0.0766593
1740,a,50,9,0.0001,-0.0964844,-0.104786
65,a,13,1,0.0001,0.0882625,0.0540594
66,a,34,1,0.0011,0.027461,0.0178317
67,a,94,1,0.00015,-0.0302861,-0.00463913
1927,a,75,10,5.0e-05,0.0261495,0.0258915
1739,a,26,9,5.0e-05,-0.0493522,-0.0553532
70,a,18,1,0.00035,0.0328531,0.0259863
554,a,67,3,0.0002,-0.0624315,-0.0684194
1554,a,80,8,0.0001,-0.0759269,-0.0888829
73,a,7,1,0.0002,-0.049696,-0.0568755
357,a,98,2,0.00015,0.0163706,0.041855
1926,a,23,10,5.0e-05,0.0182366,0.0191023
770,a,7,4,0.0003,-0.107458,-0.0903244
1553,a,13,8,5.0e-05,0.039868,0.0443566
1552,a,28,8,0.0001,-0.012616,0.0141576
1551,a,85,8,5.0e-05,-0.0201069,-0.0142105
1925,a,65,10,5.0e-05,-0.0369394,-0.0150553
1166,a,19,6,0.0001,-0.0450982,-0.0592885
547,a,22,3,0.00015,-0.0418228,-0.0556831
83,a,28,1,5.0e-05,0.00791997,-0.00334049
1356,a,40,7,0.00015,0.127638,0.0974043
1164,a,26,6,0.00015,0.0366973,0.0503025
766,a,90,4,0.00025,0.00427604,0.0250904
87,a,58,1,0.0002,-0.0521919,-0.00408952
765,a,47,4,0.00075,0.0150066,0.00258701
1355,a,26,7,0.0003,0.0344745,0.0482089
1354,a,27,7,0.0002,-0.0371044,-0.035276
1162,a,27,6,0.0003,-0.033775,-0.0682462
92,a,22,1,0.00015,-0.056063,-0.0603836
1924,a,76,10,5.0e-05,-0.026518,-0.0164716
352,a,62,2,0.00025,-0.028492,-0.0301181
543,a,34,3,0.0002,-0.0418911,-0.0544594
96,a,46,1,0.00055,0.0401993,0.0608496
1923,a,47,10,5.0e-05,0.0295993,0.045046
350,a,30,2,0.00025,-0.0672986,-0.0785535
1160,a,96,6,5.0e-05,0.063082,0.0798792
1922,a,31,10,5.0e-05,0.0199767,0.00154593
1548,a,20,8,0.0001,0.00299631,-0.0154741
1547,a,32,8,5.0e-05,0.0658656,0.0111271
1921,a,23,10,5.0e-05,-0.109256,-0.113304
104,a,33,1,0.00045,0.0264418,0.0151922
1546,a,42,8,0.0002,0.0400469,0.00982784
1156,a,60,6,0.00015,0.0487447,0.0705484
1920,a,77,10,5.0e-05,-0.0131739,-0.00718525
1351,a,33,7,0.00015,0.0132648,-0.00131409
1734,a,60,9,5.0e-05,0.0138484,-0.0083046
961,a,46,5,0.00035,0.0260343,0.0285174
346,a,35,2,0.00015,-0.0373346,-0.0233322
1733,a,70,9,5.0e-05,-0.0057897,-0.000401537
1349,a,42,7,5.0e-05,-0.0958306,-0.0898717
538,a,18,3,0.0001,0.0029428,-0.0264487
1544,a,41,8,5.0e-05,-0.0838632,-0.0889491
116,a,98,1,0.0001,-0.0370202,-0.0393365
344,a,51,2,0.00025,-0.0616085,-0.0608821
1153,a,84,6,0.00025,-0.0404077,-0.0514404
1919,a,52,10,5.0e-05,0.0718628,0.0831027
1542,a,6,8,0.0002,-0.0647894,-0.073436
960,a,65,5,0.0003,0.0358705,0.0294035
1918,a,32,10,5.0e-05,-0.018553,-0.00907319
1347,a,73,7,0.0002,0.00106481,-0.0215817
1346,a,74,7,0.0001,0.0480018,0.0311965
125,a,93,1,0.00055,0.0540846,0.0259065
1732,a,37,9,5.0e-05,-0.00905252,0.0219712
1917,a,52,10,5.0e-05,-0.0522351,-0.0797262
1344,a,18,7,5.0e-05,-0.0486146,-0.0979562
1540,a,13,8,5.0e-05,0.0584421,0.0612678
1342,a,90,7,5.0e-05,0.0221649,0.0582176
131,a,50,1,0.0002,0.018374,0.0193822
1731,a,64,9,5.0e-05,-0.0204644,-0.027486
339,a,6,2,0.00015,0.0255907,0.0104682
1916,a,75,10,5.0e-05,-0.0183274,0.00435706
1340,a,17,7,5.0e-05,-0.0279068,-0.0618164
1915,a,60,10,5.0e-05,-0.0491622,-0.0589068
1729,a,96,9,5.0e-05,0.0639364,0.0569639
1914,a,26,10,5.0e-05,-0.0755756,-0.0994404
139,a,37,1,0.00025,-0.0179093,-0.0341078
1337,a,76,7,5.0e-05,-0.00591555,-0.0242285
1913,a,56,10,5.0e-05,-0.0699118,-0.0428972
1336,a,72,7,0.0002,0.0791652,0.0776388
143,a,63,1,0.0002,0.00447673,-0.0479911
1912,a,71,10,5.0e-05,-0.04509,-0.0580015
1911,a,22,10,5.0e-05,-0.00911332,-0.00879607
1334,a,27,7,0.0004,0.0617227,0.0945802
1536,a,92,8,0.00015,-0.115182,-0.0632657
1910,a,11,10,5.0e-05,-0.0475852,-0.0655566
1145,a,20,6,0.0002,0.0878071,0.0792353
1909,a,47,10,5.0e-05,0.0699079,0.0449425
335,a,68,2,5.0e-05,-0.0125074,-0.0197469
1331,a,7,7,0.00015,-0.0622998,-0.0639
153,a,11,1,5.0e-05,0.0196621,0.0135157
1908,a,66,10,5.0e-05,0.0640427,0.0806455
155,a,93,1,0.00135,-0.00129725,0.00424827
156,a,89,1,0.00015,-0.047613,-0.0483333
1143,a,3,6,0.0001,-0.0862268,-0.0242994
158,a,49,1,0.00085,-0.0181008,-0.020774
530,a,98,3,0.00015,-0.0335124,-0.0426079
1725,a,43,9,5.0e-05,0.00917178,0.0215762
1724,a,33,9,0.0001,-0.0378774,-0.0498077
746,a,39,4,0.00025,0.0739818,0.0631065
745,a,41,4,0.0001,0.0358847,0.0323589
1907,a,9,10,5.0e-05,-0.0625139,-0.0183605
1906,a,96,10,5.0e-05,-0.031519,-0.0223836
1529,a,0,8,0.0001,-0.00165469,-0.00371362
1326,a,3,7,5.0e-05,-0.0757112,-0.0578712
1723,a,9,9,5.0e-05,-0.0620209,-0.0571472
1141,a,53,6,5.0e-05,0.0320747,0.0137669
948,a,23,5,0.0001,0.0135979,-0.00136965
947,a,64,5,0.00025,-0.0761315,-0.0573821
328,a,20,2,0.00055,0.106761,0.115902
946,a,47,5,0.00015,-0.00483106,-0.0346897
945,a,95,5,5.0e-05,0.0579969,0.0347363
326,a,47,2,0.00025,-0.0345917,-0.0428645
1722,a,7,9,5.0e-05,-0.00144318,0.0201972
738,a,53,4,5.0e-05,-0.102743,-0.093858
1721,a,59,9,0.0001,0.0172212,0.0151532
179,a,39,2,0.0004,0.0393641,0.0432922
1527,a,47,8,5.0e-05,-0.0614279,-0.0785013
1139,a,45,6,0.0002,0.0338483,0.0447949
1905,a,2,10,5.0e-05,-0.0350276,-0.0581295
1526,a,17,8,0.0001,-0.030897,-0.0060067
1720,a,15,9,0.0001,0.0321183,0.0416136
1525,a,80,8,0.0001,-0.052904,-0.0655239
734,a,62,4,0.0001,0.0758875,0.0727569
1904,a,33,10,5.0e-05,-0.07564,-0.0912197
1903,a,75,10,5.0e-05,0.0925711,0.0883597
1718,a,47,9,0.0001,-0.055099,-0.0874855
1902,a,50,10,5.0e-05,-0.0200159,0.0345263
191,a,54,2,0.00025,-0.039469,0.000495268
521,a,49,3,0.00015,-0.0552132,-0.0427413
1717,a,44,9,0.0001,-0.0292419,-0.0454547
1901,a,15,10,5.0e-05,0.0695453,0.0609554
1716,a,98,9,5.0e-05,0.0225803,0.0290216
196,a,87,2,0.00025,-0.0283812,-0.030486
1135,a,85,6,5.0e-05,0.0416519,0.0836878
730,a,75,4,5.0e-05,0.0147455,0.0320189
1134,a,85,6,0.0002,-0.0673338,-0.0621273
1900,a,61,10,5.0e-05,0.0296609,0.081165
201,a,48,2,0.00035,-0.000640542,0.0283386
1319,a,49,7,0.0004,-0.0564209,-0.0741858
1899,a,97,10,5.0e-05,-0.029245,-0.0165467
1520,a,62,8,5.0e-05,-0.101777,-0.0881557
205,a,44,2,0.0001,0.103388,0.0672783
206,a,42,2,5.0e-05,0.122618,0.139732
1898,a,69,10,5.0e-05,0.0331433,0.0378914
1317,a,57,7,0.0002,0.0519457,0.0560064
1714,a,24,9,0.00015,0.0399175,0.0644507
936,a,70,5,0.00015,0.00466575,0.00980811
1897,a,94,10,5.0e-05,-0.0656319,-0.0486462
518,a,79,3,0.0001,-0.0280015,-0.0738101
1896,a,54,10,5.0e-05,0.005754,0.0380651
214,a,60,2,0.00015,0.0583637,0.0384641
1519,a,71,8,0.00015,-0.0640504,-0.0625782
1895,a,30,10,5.0e-05,0.0130446,0.0313366
1518,a,94,8,0.00015,-0.0300332,-0.0251657
1713,a,3,9,5.0e-05,0.0833461,0.0648861
515,a,24,3,0.0001,0.0449151,0.0604822
932,a,22,5,0.0003,0.0162745,0.0412133
514,a,17,3,0.00045,0.0204547,-0.00752414
1894,a,38,10,5.0e-05,-0.0422644,-0.0342815
1712,a,65,9,5.0e-05,0.0120622,0.0463678
1314,a,89,7,0.00025,-0.0160412,-0.0176021
1893,a,5,10,5.0e-05,-0.0805619,-0.0828275
226,a,51,2,0.00035,0.0922067,0.100216
1313,a,19,7,0.0001,0.0411374,0.0811985
1892,a,81,10,5.0e-05,0.00297818,-0.00608493
1891,a,91,10,5.0e-05,-0.00193282,-0.00990688
230,a,31,2,0.0001,0.00153392,0.0076466
1513,a,89,8,0.00015,0.0685873,0.0311424
1127,a,1,6,0.00015,0.0618555,0.0868905
1890,a,28,10,5.0e-05,-0.0580851,-0.0918017
1709,a,40,9,5.0e-05,-0.0148674,-0.0257659
1889,a,56,10,5.0e-05,0.0418725,-0.00207416
236,a,62,2,0.00035,0.0503168,0.0468058
927,a,54,5,0.0001,-0.0109744,-0.0181851
1510,a,19,8,0.0001,-0.0465799,-0.0457181
1308,a,48,7,0.00015,0.00215539,-0.0568645
1307,a,11,7,0.00015,0.0135474,0.016271
1509,a,46,8,0.0001,-0.0172058,-0.0667161
1888,a,23,10,5.0e-05,-0.0374083,0.000817013
1887,a,16,10,5.0e-05,-0.0477153,-0.0462619
1506,a,61,8,5.0e-05,0.107983,0.0857052
245,a,34,2,5.0e-05,-0.0852905,-0.0353605
1505,a,89,8,5.0e-05,0.0906428,0.0613255
508,a,7,3,0.0001,-0.0363915,-0.0328624
922,a,19,5,0.00085,-0.0586532,-0.0540119
506,a,93,3,0.00055,0.0290523,0.0233468
921,a,42,5,0.00015,-0.0157067,-0.0105848
920,a,91,5,5.0e-05,0.0606723,0.0458241
252,a,83,2,0.0002,0.0949666,0.0724864
1120,a,27,6,5.0e-05,-0.0647731,0.00168428
1504,a,10,8,5.0e-05,-0.00125597,-0.0394132
1886,a,8,10,5.0e-05,0.0680665,0.0472962
504,a,96,3,5.0e-05,0.0448564,-0.00404861
1885,a,59,10,5.0e-05,0.0505946,0.0682679
1884,a,97,10,5.0e-05,-0.130121,-0.130654
259,a,73,2,0.0001,-0.0453076,-0.0193962
1883,a,78,10,5.0e-05,-0.0162511,-0.000856485
502,a,23,3,0.0002,-0.000620909,-0.0188928
262,a,16,2,0.00035,-0.00913567,-0.0409653
263,a,93,2,0.00015,-0.0566062,-0.0376422
1704,a,63,9,5.0e-05,-0.0259465,-0.00610538
1116,a,10,6,0.0001,0.031484,0.0202279
1882,a,6,10,5.0e-05,-0.0284467,-0.0244483
1301,a,55,7,5.0e-05,-0.0783941,-0.091304
268,a,57,2,0.0005,-0.124741,-0.0940201
269,a,2,2,0.00015,-0.0437422,-0.0368875
270,a,11,2,0.0004,-0.0159277,0.0048889
1881,a,27,10,5.0e-05,0.00131962,-0.0480634
1115,a,84,6,0.00015,-0.0589729,-0.0890354
914,a,67,5,0.0002,-0.0754358,-0.0535303
1880,a,13,10,5.0e-05,0.00156343,-0.00463811
1879,a,55,10,5.0e-05,0.0237653,0.00238386
276,a,56,2,0.00015,0.00320109,0.0175033
1701,a,53,9,5.0e-05,-0.00127959,0.0222335
1878,a,97,10,5.0e-05,-0.00473412,-0.0390409
279,a,95,2,5.0e-05,0.00415281,-0.0209623
715,a,27,4,0.0002,-0.049416,-0.052275
1112,a,11,6,0.00025,-0.122208,-0.114576
1700,a,76,9,5.0e-05,0.0385595,0.0605633
909,a,8,5,0.0003,-0.0256302,-0.0189875
1699,a,66,9,0.0002,0.0531622,0.0380656
285,a,35,2,5.0e-05,-0.00128313,0.0314475
1496,a,66,8,0.0001,0.0616574,0.0201675
1698,a,57,9,0.00015,-0.0418537,-0.0479214
1877,a,84,10,5.0e-05,-0.0273506,-0.00984409
907,a,82,5,0.0001,0.0523853,0.0703474
492,a,2,3,0.00035,0.0481996,0.0589209
291,a,48,2,5.0e-05,-0.0470219,-0.0689886
1876,a,43,10,5.0e-05,-0.00356467,-0.0538577
1696,a,55,9,0.00015,0.059693,0.0694093
1109,a,47,6,5.0e-05,0.00640843,-0.0138942
295,a,25,2,0.00055,0.0672159,0.083103
1294,a,25,7,0.00015,0.0261427,-0.0202466
1875,a,17,10,5.0e-05,-0.0072573,0.0044114
1874,a,94,10,5.0e-05,-0.055633,-0.0576325
299,a,74,2,5.0e-05,-0.0811412,-0.0465602
1693,a,56,9,0.0001,0.0478851,0.0367682
1873,a,16,10,5.0e-05,0.0135535,0.00169804
708,a,62,4,0.00015,-0.116597,-0.118371
303,a,4,2,0.00065,0.0687472,0.0774671
304,a,79,2,0.00025,0.026234,0.0473071
1490,a,57,8,0.0001,0.0101354,0.00459398
1872,a,92,10,5.0e-05,0.0203975,0.0189472
1871,a,52,10,5.0e-05,-0.0455967,-0.0370425
308,a,5,2,0.00025,0.0289281,0.00859954
488,a,36,3,0.0001,-0.00722055,0.0257037
903,a,96,5,0.0001,-0.0723629,-0.0411128
1105,a,70,6,0.00015,0.0231716,0.00475596
901,a,81,5,0.0003,0.0256217,-0.0156686
1870,a,75,10,5.0e-05,0.0133504,0.0410828
1690,a,81,9,0.0001,-0.0764284,-0.0809229
1689,a,26,9,5.0e-05,-0.0284548,-0.0407873
1486,a,32,8,0.00015,0.0366629,0.0107255
486,a,70,3,0.0001,0.0494537,0.0377265
1101,a,85,6,5.0e-05,0.0303159,0.0217432
1869,a,75,10,5.0e-05,0.0379645,0.0284687
320,a,22,2,0.00015,-0.0603075,-0.048074
321,a,43,2,5.0e-05,0.0202131,-0.0180901
1485,a,10,8,0.0001,0.0551118,0.0604868
898,a,51,5,0.00015,-0.00507527,0.0225519
897,a,78,5,5.0e-05,0.0248849,0.0380817
896,a,27,5,0.00025,-0.0606063,-0.077786
1868,a,20,10,5.0e-05,0.0869645,0.0606843
1867,a,91,10,5.0e-05,0.0127743,0.0122224
385,a,41,3,0.0005,-0.020088,-0.013063
1866,a,47,10,5.0e-05,-0.0422737,-0.0704538
1865,a,72,10,5.0e-05,-0.0322569,-0.0305548
1864,a,80,10,5.0e-05,-0.0369717,-0.0311431
1863,a,95,10,5.0e-05,0.0176069,-0.000280308
1482,a,98,8,5.0e-05,-0.0480191,-0.0630395
1481,a,11,8,0.00025,-0.0714039,-0.0816558
1288,a,91,7,5.0e-05,-0.0226258,0.00735621
1862,a,28,10,5.0e-05,0.0682997,0.00121713
1480,a,70,8,0.00015,-0.0074156,0.0127628
1861,a,59,10,5.0e-05,-0.00851251,0.0227194
697,a,69,4,5.0e-05,0.0163612,0.00954997
1096,a,15,6,0.0001,0.0777835,0.0890585
398,a,63,3,0.0003,-0.00414711,0.00891727
1686,a,89,9,5.0e-05,0.0768028,0.091849
1685,a,40,9,5.0e-05,0.00834707,-0.0128336
1094,a,21,6,5.0e-05,-0.0503527,-0.0253217
1684,a,73,9,5.0e-05,-0.0719631,-0.045958
1093,a,5,6,0.0001,0.0333209,0.0582801
1860,a,34,10,5.0e-05,0.0210127,0.0335725
1683,a,80,9,0.00015,-0.00829738,-0.0177184
1859,a,56,10,5.0e-05,0.0822291,0.0819492
1682,a,46,9,5.0e-05,-0.00654443,-0.0098705
1681,a,78,9,5.0e-05,-0.00893823,-0.0485381
1476,a,45,8,5.0e-05,-0.0160244,-0.0310643
1858,a,54,10,5.0e-05,0.0224692,0.0150282
1089,a,23,6,0.0001,0.0520531,0.0359168
1857,a,49,10,5.0e-05,0.035027,0.0135572
887,a,27,5,0.00015,-0.0242609,0.0053708
1088,a,62,6,0.00025,-0.0885672,-0.0775772
1087,a,50,6,0.0001,-0.00171505,-0.0299082
416,a,12,3,0.0003,-0.0515407,-0.040885
1856,a,77,10,5.0e-05,-0.00416642,0.0159965
1281,a,71,7,0.0001,0.0487686,-0.00129225
1280,a,71,7,0.00025,0.0674492,0.0580241
1473,a,83,8,0.0002,0.046573,0.0367133
1472,a,90,8,0.0002,-0.0101059,-0.00651584
1471,a,89,8,5.0e-05,-0.0405726,-0.0341744
691,a,85,4,0.00035,-0.0832865,-0.0264233
1084,a,9,6,0.00055,0.0272492,0.0189234
690,a,37,4,0.00035,0.01822,0.0309326
1679,a,19,9,5.0e-05,0.00139588,0.0422331
1855,a,85,10,5.0e-05,0.0813463,0.0856338
1854,a,96,10,5.0e-05,-0.00341311,-0.00486239
1677,a,1,9,5.0e-05,0.0113826,0.027344
1853,a,8,10,5.0e-05,0.0852749,0.07908
1675,a,28,9,0.0001,-0.0178567,-0.0210194
686,a,66,4,0.0001,-0.0336505,-0.0203329
1674,a,28,9,0.0001,-0.00520421,-0.0156839
1467,a,16,8,5.0e-05,-0.0533508,-0.0536216
1466,a,1,8,0.00015,0.044928,0.00226504
682,a,89,4,0.00015,0.00136484,-0.0113635
1852,a,19,10,5.0e-05,-0.00289228,0.0166381
681,a,79,4,0.00025,-0.105917,-0.123459
1851,a,26,10,5.0e-05,0.00889917,0.0178662
1850,a,41,10,5.0e-05,-0.0597589,-0.033402
1671,a,65,9,5.0e-05,-0.0320061,-0.0390951
679,a,32,4,5.0e-05,-0.0735775,-0.086998
1464,a,21,8,5.0e-05,0.0812344,0.0988326
1849,a,6,10,5.0e-05,-0.0250093,-0.0805564
1848,a,33,10,5.0e-05,0.0635024,0.0663476
1463,a,86,8,0.0001,0.0182295,0.079059
1462,a,94,8,0.0001,-0.0166232,-0.00928929
1670,a,42,9,5.0e-05,0.045998,0.0570295
675,a,96,4,0.0004,0.0385733,0.0472658
450,a,60,3,0.00015,-0.00890747,0.0235559
1669,a,25,9,0.00015,-0.0313738,-0.0309249
1461,a,14,8,5.0e-05,-0.0393709,-0.0383237
1668,a,86,9,5.0e-05,0.0307517,0.067517
1847,a,81,10,5.0e-05,0.0479124,0.0606816
1459,a,62,8,0.0001,0.124745,0.131555
1273,a,84,7,5.0e-05,-0.0520768,-0.0496546
1272,a,18,7,5.0e-05,0.00704892,0.0367518
458,a,92,3,5.0e-05,-0.0547168,-0.0512247
1667,a,6,9,5.0e-05,0.0363201,0.0631293
460,a,47,3,5.0e-05,0.105677,0.0798058
671,a,19,4,0.0004,0.0533046,0.0521093
1078,a,41,6,0.0004,-0.0397043,-0.0581139
1846,a,95,10,5.0e-05,-0.103414,-0.0725351
1271,a,82,7,0.0002,0.0264091,0.0104969
1457,a,58,8,5.0e-05,-0.0420614,-0.0194551
1076,a,73,6,5.0e-05,0.00116048,-0.0178024
1456,a,34,8,5.0e-05,-0.0234442,-0.0173109
1845,a,56,10,5.0e-05,-0.0422957,-0.0361369
1455,a,80,8,0.0001,-0.0276274,0.00127843
1844,a,0,10,5.0e-05,-0.0352751,-0.03152
471,a,2,3,0.0001,-0.0638355,-0.0487996
1843,a,27,10,5.0e-05,-0.0951496,-0.077608
1842,a,23,10,5.0e-05,-0.0160106,-0.00283812
1664,a,2,9,0.00015,-0.0487454,-0.0385549
475,a,56,3,5.0e-05,0.01861,0.0189774
667,a,98,4,0.00025,-0.0248732,-0.0236688
869,a,37,5,0.0002,-0.0332078,-0.0693028
1841,a,58,10,5.0e-05,0.050996,0.079112
1840,a,49,10,5.0e-05,-0.0622324,-0.0737603
666,a,83,4,5.0e-05,0.00974125,-0.000483061
1266,a,25,7,0.00015,-0.0331257,0.00305827
1662,a,56,9,0.0001,-0.0600722,-0.0252288
867,a,13,5,5.0e-05,-0.0379797,-0.0507394
1839,a,43,10,5.0e-05,-0.031176,-0.0507
582,a,51,4,5.0e-05,-0.0593252,-0.0784136
583,a,91,4,5.0e-05,0.00571918,0.0297655
865,a,46,5,0.00015,0.0622286,0.0729697
585,a,29,4,5.0e-05,0.0157243,0.00400261
586,a,81,4,5.0e-05,-0.00189542,-0.00200693
587,a,80,4,0.00015,0.0520588,0.0516265
1451,a,84,8,0.0001,-0.0971297,-0.101567
589,a,22,4,0.00035,0.0283593,0.0131901
1838,a,54,10,5.0e-05,0.010951,-0.00622126
1837,a,9,10,5.0e-05,0.00882362,0.0103845
1836,a,2,10,5.0e-05,-0.0513733,-0.033959
862,a,8,5,5.0e-05,0.0493707,0.0413402
594,a,72,4,0.0003,-0.0383041,-0.0613829
1449,a,1,8,0.0001,0.0670158,0.0871774
1659,a,7,9,5.0e-05,-0.0698917,-0.0964421
1658,a,65,9,0.0001,0.0192212,0.0218765
1260,a,0,7,5.0e-05,-0.0210188,0.00308598
1835,a,77,10,5.0e-05,-0.0431545,-0.0134654
1066,a,62,6,0.0002,0.0683197,0.0523222
1065,a,69,6,0.0001,-0.0101549,0.0188698
1657,a,91,9,5.0e-05,0.0133196,0.00966611
1834,a,87,10,5.0e-05,-0.00833288,-0.00338545
604,a,32,4,0.00015,0.0388588,0.0629273
605,a,5,4,0.0002,-0.0648048,-0.0312534
1655,a,71,9,5.0e-05,0.0286849,0.0284339
1447,a,78,8,0.0001,-0.0362774,-0.0501792
1654,a,95,9,5.0e-05,0.053932,0.0848683
1833,a,90,10,5.0e-05,0.0711312,0.0687718
1832,a,84,10,5.0e-05,-0.0223669,-0.0365458
1831,a,18,10,5.0e-05,0.0560819,0.0311342
612,a,80,4,0.0003,-0.0246122,-0.00564319
613,a,31,4,0.0002,-0.073228,-0.0440057
1830,a,66,10,5.0e-05,-0.0116098,0.00611582
1445,a,96,8,0.0001,-0.0763911,-0.0879108
1829,a,68,10,5.0e-05,-0.0266436,-0.0339744
1828,a,13,10,5.0e-05,0.0133502,0.0141536
1827,a,91,10,5.0e-05,-0.0585468,-0.0707699
1826,a,45,10,5.0e-05,-0.0794459,-0.0801425
1825,a,77,10,5.0e-05,-0.00346959,-0.00182753
1649,a,0,9,5.0e-05,0.0159001,0.0176005
1440,a,10,8,5.0e-05,-0.104599,-0.0626088
1824,a,68,10,5.0e-05,0.0151617,0.00393255
1823,a,60,10,5.0e-05,0.0503783,0.0245489
1059,a,16,6,5.0e-05,-0.0444351,-0.0526832
1822,a,31,10,5.0e-05,0.0310416,0.0455045
1438,a,32,8,0.0002,-0.0432493,-0.0694066
1647,a,54,9,0.0001,-0.0820526,-0.0722925
1253,a,47,7,0.0002,-0.0195346,-0.0295592
1437,a,77,8,0.00015,0.0257203,0.0134485
1821,a,25,10,5.0e-05,-0.00550363,-0.0155536
851,a,83,5,0.0001,0.111107,0.0814906
1436,a,48,8,0.0002,0.0623269,0.0433161
1820,a,45,10,5.0e-05,0.0328939,0.0413975
1434,a,49,8,5.0e-05,0.0167735,0.0577283
1433,a,21,8,0.0001,-0.0553405,-0.071407
1251,a,44,7,0.00015,0.0441725,0.0324438
1056,a,49,6,0.00015,-0.0407674,-0.0211403
639,a,31,4,0.0001,-0.0191812,-0.024003
1819,a,21,10,5.0e-05,0.00291703,0.0249628
641,a,76,4,0.00015,0.0348901,0.0481078
1818,a,96,10,5.0e-05,0.0780123,0.0485398
1053,a,58,6,0.00035,-0.052439,-0.0541544
846,a,95,5,0.0003,0.0224655,0.0297354
1250,a,55,7,0.0003,-0.0444946,-0.0367941
1432,a,39,8,0.0001,-0.0479383,-0.0209171
1249,a,69,7,0.0001,-0.0428634,-0.0423688
842,a,88,5,0.00015,-0.0930463,-0.0704399
1643,a,40,9,0.00015,0.039567,0.0189874
650,a,71,4,0.0003,-0.0069145,0.0267141
840,a,30,5,0.00015,0.043912,-0.00615298
1642,a,89,9,0.0001,-0.0269863,-0.0425001
653,a,34,4,0.0006,0.104137,0.054829
1641,a,84,9,5.0e-05,-0.0174024,0.00561787
655,a,86,4,0.00015,0.0187319,0.010077
656,a,41,4,0.0001,-0.0754554,-0.101984
657,a,18,4,0.0002,0.105324,0.0774785
658,a,15,4,5.0e-05,0.0306896,0.0210919
659,a,49,4,0.00065,0.0561612,-2.99247e-05
839,a,1,5,0.0001,-0.034759,-0.0371986
1817,a,21,10,5.0e-05,0.021156,0.0332686
1050,a,23,6,5.0e-05,0.0140816,0.0306629
663,a,29,4,0.00015,0.00964316,0.0110877
664,a,58,4,5.0e-05,-0.052286,-0.0791574
1816,a,51,10,5.0e-05,-0.0332928,-0.0462535
794,a,54,5,0.0001,-0.0118402,0.00763308
795,a,78,5,0.0001,0.00918603,0.0476948
796,a,33,5,0.00015,0.0296328,-0.00994671
797,a,54,5,5.0e-05,-0.0267866,-0.0254433
1430,a,56,8,0.0001,0.00922713,0.0057173
799,a,69,5,0.0002,0.0750416,0.065979
800,a,40,5,0.0001,-0.0817013,-0.0657842
1429,a,49,8,0.0001,0.046388,0.0657421
1428,a,33,8,5.0e-05,0.0193064,0.00988454
1427,a,94,8,5.0e-05,0.0259972,0.012042
1638,a,6,9,5.0e-05,-0.0325556,-0.00900616
1815,a,47,10,5.0e-05,0.0226839,0.0366563
1637,a,11,9,5.0e-05,0.0326957,0.0252368
1814,a,39,10,5.0e-05,0.0129152,-0.0182661
1048,a,36,6,0.0001,-0.0857922,-0.0956116
1424,a,69,8,0.00015,0.0433058,0.0478539
810,a,42,5,0.0001,0.0329627,0.0257774
1813,a,24,10,5.0e-05,-0.0212357,-0.0114529
1046,a,93,6,0.00015,0.0869093,0.076392
813,a,87,5,0.0004,-0.000445641,-0.0165154
814,a,44,5,0.0002,0.0634287,0.0708591
1045,a,45,6,0.00025,-0.0549378,-0.0565809
816,a,90,5,0.00015,-0.00471005,0.0111276
1812,a,27,10,5.0e-05,0.0426823,0.0114351
1811,a,74,10,5.0e-05,-0.0562359,-0.0117861
1810,a,62,10,5.0e-05,0.0215226,0.0127491
1043,a,4,6,5.0e-05,0.0124501,-0.0114814
821,a,8,5,5.0e-05,-0.0720895,-0.0385504
822,a,2,5,0.0001,-0.00449287,0.0148212
1809,a,13,10,5.0e-05,-0.0408223,-0.0413335
1633,a,36,9,5.0e-05,0.0713708,0.0526699
1040,a,5,6,0.0002,0.0217944,0.0147503
1243,a,39,7,0.00015,0.0292125,0.0428851
1632,a,63,9,5.0e-05,-0.108745,-0.0734759
828,a,70,5,0.00035,0.0322566,0.0177415
829,a,27,5,0.00015,0.0720079,0.0358215
1808,a,17,10,5.0e-05,0.0132824,0.0503496
1242,a,83,7,0.0003,0.0891121,0.0657242
832,a,40,5,0.00015,-0.107949,-0.135227
1422,a,94,8,0.00015,0.0418009,0.0543579
1036,a,76,6,0.0005,-0.0415296,-0.0843706
835,a,50,5,0.0003,0.0531289,0.0668322
836,a,4,5,0.00035,0.0286026,-0.0081933
1421,a,65,8,0.0001,0.0260127,0.0511659
987,a,71,6,5.0e-05,0.0632324,0.0279446
1807,a,81,10,5.0e-05,-0.0680156,-0.0981639
1806,a,81,10,5.0e-05,0.0684701,0.0854433
990,a,15,6,0.00025,-0.0125439,-0.0101825
1419,a,40,8,0.00015,-0.0180569,-0.0329561
992,a,34,6,0.0002,0.0302707,0.0695812
1418,a,2,8,5.0e-05,0.0980106,0.125504
1240,a,33,7,0.0001,-0.085912,-0.0513247
1805,a,94,10,5.0e-05,0.00803316,0.00879987
1804,a,86,10,5.0e-05,-0.110646,-0.111122
1630,a,26,9,5.0e-05,-0.00700897,-0.0279284
998,a,52,6,0.0002,0.135411,0.127808
1416,a,63,8,0.0002,0.0790829,0.103282
1803,a,71,10,5.0e-05,0.0448537,0.0332271
1802,a,44,10,5.0e-05,-0.0472046,-0.0276979
1237,a,2,7,0.0002,-0.0260736,-0.0196249
1003,a,91,6,5.0e-05,0.11499,0.15252
1004,a,79,6,0.0001,-0.0363298,-0.0109295
1236,a,52,7,0.00035,-0.00327219,-0.0237629
1628,a,7,9,0.00025,-0.0263636,-0.0381504
1414,a,63,8,0.00015,-0.0103279,-0.0143243
1235,a,59,7,5.0e-05,-0.00285968,-0.0143187
1801,a,74,10,5.0e-05,-0.0886924,-0.0608363
1626,a,74,9,0.0001,0.0571892,0.0249951
1011,a,31,6,5.0e-05,0.0979624,0.0667004
1800,a,97,10,5.0e-05,-0.13078,-0.164258
1799,a,62,10,5.0e-05,-0.00611052,-0.0360101
1233,a,76,7,5.0e-05,0.089211,0.0929244
1798,a,49,10,5.0e-05,-0.0949023,-0.0782474
1624,a,76,9,5.0e-05,-0.01901,-0.0471482
1017,a,8,6,0.0003,0.0137731,0.00220986
1797,a,10,10,5.0e-05,-0.0332762,-0.0480319
1019,a,63,6,0.0003,0.0138094,0.00379637
1408,a,35,8,5.0e-05,0.0235007,0.00140318
1021,a,18,6,0.0001,-0.00101114,0.0327406
1407,a,28,8,5.0e-05,-0.0713654,-0.0588703
1406,a,40,8,0.0001,-0.0495203,-0.0440377
1024,a,53,6,0.0001,0.0592455,0.0142312
1227,a,37,7,0.00015,-0.00988671,-0.00779487
1796,a,6,10,5.0e-05,0.0418003,0.0372529
1795,a,97,10,5.0e-05,0.0319398,0.0164515
1622,a,9,9,0.0001,0.0253862,-0.00902254
1621,a,97,9,5.0e-05,0.0318774,0.0374968
1030,a,74,6,0.0002,0.117944,0.0942188
1031,a,86,6,0.00025,-0.0341989,-0.0275267
1032,a,13,6,0.00015,0.00193864,-0.0247493
1404,a,36,8,0.0001,0.119099,0.138251
1034,a,69,6,5.0e-05,-0.0158191,0.0279664
1620,a,97,9,5.0e-05,-0.00360351,0.0109246
1403,a,64,8,0.00015,0.0990383,0.0986649
1402,a,91,8,5.0e-05,0.138994,0.121427
1186,a,30,7,0.00025,0.0406538,0.042928
1619,a,88,9,0.0001,-0.0687963,-0.0680279
1794,a,38,10,5.0e-05,0.050841,0.000643487
1399,a,21,8,0.00015,0.0121954,0.0353923
1398,a,88,8,5.0e-05,0.0758657,0.0784698
1191,a,93,7,5.0e-05,-0.0642138,-0.0616295
1618,a,84,9,5.0e-05,-0.00113859,-0.0382692
1617,a,63,9,5.0e-05,-0.0214177,-0.0310118
1397,a,75,8,5.0e-05,-0.00833987,-0.0204818
1396,a,82,8,5.0e-05,-0.00332552,-0.0083845
1196,a,38,7,5.0e-05,-0.0237427,-0.0322626
1197,a,93,7,5.0e-05,0.0437391,0.0682598
1198,a,79,7,0.0003,0.0710124,0.0603177
1199,a,72,7,5.0e-05,0.0459087,0.0346593
1616,a,47,9,0.0001,-0.00300406,-0.0159317
1793,a,74,10,5.0e-05,0.0245477,0.00710072
1615,a,72,9,5.0e-05,-0.0536355,-0.048583
1203,a,2,7,0.00035,-0.0322716,-0.0540792
1204,a,22,7,0.00015,-0.0504598,-0.00731174
1205,a,85,7,0.0005,0.00545327,-0.0292425
1206,a,11,7,0.0003,-0.0168557,-0.0400869
1207,a,56,7,0.0001,-0.0222846,-0.0329641
1208,a,27,7,0.00015,-0.0456489,-0.0351792
1393,a,97,8,0.00015,0.0110767,0.0125546
1614,a,87,9,5.0e-05,-0.0372587,-0.0461445
1613,a,69,9,5.0e-05,0.0473553,0.0427956
1390,a,70,8,0.0001,0.0662247,0.0277885
1612,a,11,9,5.0e-05,-0.0839522,-0.068167
1792,a,43,10,5.0e-05,-0.00994814,-0.00555266
1215,a,45,7,5.0e-05,0.0276718,0.0603697
1791,a,16,10,5.0e-05,-0.044257,-0.00398311
1610,a,35,9,5.0e-05,0.06675,0.085498
1609,a,3,9,5.0e-05,-0.0076351,-0.0307153
1386,a,95,8,5.0e-05,-0.0172805,-0.000426722
1608,a,13,9,0.0001,0.0287352,0.0366992
1607,a,96,9,0.0001,-0.00157625,-0.0191037
1790,a,64,10,5.0e-05,-0.0228037,-0.0181083
1606,a,95,9,0.0001,-0.00665355,-0.00236004
1224,a,61,7,0.00025,0.0643574,0.0537854
1225,a,35,7,0.00015,-0.0713512,-0.0684522
1371,a,96,8,5.0e-05,-0.0123231,-0.0108694
1605,a,81,9,5.0e-05,0.0562003,0.0169869
1373,a,64,8,0.0001,0.00692055,0.00445967
1789,a,61,10,5.0e-05,-0.00582929,0.0268661
1603,a,2,9,0.0001,-0.00438969,-0.00675568
1376,a,41,8,0.0002,-0.0404122,-0.0368222
1377,a,97,8,5.0e-05,0.0106898,-0.0187213
1378,a,75,8,0.0001,0.0954504,0.0960637
1379,a,4,8,5.0e-05,0.0227368,-0.00221538
1788,a,95,10,5.0e-05,0.0331796,-0.0263814
1381,a,33,8,0.00015,0.0740332,0.111971
1601,a,98,9,5.0e-05,0.0302557,0.0226479
1600,a,93,9,5.0e-05,0.0649752,0.0514186
1787,a,59,10,5.0e-05,0.00853153,-0.0203917
1573,a,75,9,5.0e-05,-0.0634461,-0.0284853
1786,a,65,10,5.0e-05,-0.0184151,-0.00716669
1785,a,76,10,5.0e-05,-0.0438853,-0.0334336
1576,a,80,9,0.0001,-0.00247847,0.0193812
1577,a,1,9,0.0001,0.0503486,0.0418927
1578,a,61,9,0.0002,0.0556227,0.0422783
1579,a,9,9,5.0e-05,0.0303116,0.000505847
1580,a,72,9,5.0e-05,-0.0305583,-0.00698263
1581,a,12,9,5.0e-05,-0.00101358,-0.0193709
1582,a,74,9,0.0002,0.0552218,0.0254304
1784,a,49,10,5.0e-05,0.0689995,0.0504888
1584,a,50,9,0.00015,-0.0517082,-0.00611813
1783,a,94,10,5.0e-05,-0.015604,-0.0292918
1586,a,87,9,0.0001,-0.0237412,-0.0233219
1782,a,46,10,5.0e-05,0.013656,-0.0109575
1781,a,21,10,5.0e-05,0.0378432,0.0222818
1780,a,78,10,5.0e-05,0.0639183,0.00218367
1779,a,16,10,5.0e-05,0.0205971,-0.0326624
1591,a,58,9,0.00025,-0.0429915,-0.0349717
1592,a,23,9,5.0e-05,0.0896992,0.126176
1593,a,63,9,0.0001,0.0208534,-0.000552439
1594,a,87,9,0.0001,0.0380254,0.0340725
1595,a,82,9,5.0e-05,0.00645164,-0.0283565
1778,a,6,10,5.0e-05,-0.0527406,-0.040157
1597,a,6,9,5.0e-05,-0.0281816,-0.0559009
1598,a,60,9,5.0e-05,-0.0328695,-0.0242819
1599,a,64,9,0.0001,-0.0325454,-0.00544678
1757,a,87,10,5.0e-05,-0.00230089,0.0336367
1758,a,87,10,5.0e-05,-0.0673902,-0.0591859
1759,a,14,10,5.0e-05,-0.018236,-0.047454
1760,a,76,10,5.0e-05,0.0512251,0.0626129
1761,a,33,10,5.0e-05,-0.00694144,0.00374475
1762,a,43,10,5.0e-05,0.0694797,0.0377778
1763,a,94,10,5.0e-05,0.0147596,0.0324717
1764,a,63,10,5.0e-05,-0.00956855,-0.00264657
1765,a,53,10,5.0e-05,0.0669351,0.0243381
1766,a,40,10,5.0e-05,-0.034557,-0.0288024
1767,a,23,10,5.0e-05,-0.0262246,-0.0508918
1768,a,53,10,5.0e-05,-0.0414494,-0.0266153
1769,a,79,10,5.0e-05,0.0261551,0.0339569
1770,a,58,10,5.0e-05,-0.0223599,-0.0175348
1771,a,67,10,5.0e-05,-0.0393327,-0.0323647
1772,a,0,10,5.0e-05,-0.00372803,0.0234658
1773,a,43,10,5.0e-05,-0.0192216,-0.0283245
1774,a,78,10,5.0e-05,-0.017345,0.0104407
1775,a,27,10,5.0e-05,0.00426195,-0.0105327
1776,a,4,10,5.0e-05,0.0172407,0.0187514
1777,a,68,10,5.0e-05,0.0827877,0.0828699
